pageId:ID(Page);title
0;Apollo
1;Actrius
2;Aristotle
3;Alien
4;Abraham Lincoln
5;ASCII
6;List of Atlas Shrugged characters
7;Academy Award for Best Production Design
8;Academy Awards
9;Alchemy
10;Autism
11;A
12;Anarchism
13;Andre Agassi
14;Animalia (book)
15;Allan Dwan
16;Altruism
17;Alain Connes
18;International Atomic Time
19;Astronomer
20;Anthropology
21;An American in Paris
22;Alabama
23;Ayn Rand
24;Agricultural science
25;Achilles
26;Animation
27;Austin (disambiguation)
28;Algeria
29;Albedo
30;Algae
31;Albert Sidney Johnston
32;Albania
33;Affirming the consequent
34;Agriculture
35;Politics of Angola
36;Transport in Angola
37;Algorithms (journal)
38;Agnostida
39;Arithmetic mean
40;Andrei Tarkovsky
41;List of anthropologists
42;Aardvark
43;Anatomy
44;Afroasiatic languages
45;Assistive technology
46;Ada
47;Alberta
48;Amateur astronomy
49;Art
50;Amphibian
51;Alaska
52;Asphalt
53;Acid
54;Arraignment
55;Abacus
56;Asia Minor (disambiguation)
57;Animal Farm
58;Angola
59;American National Standards Institute
60;Aruba
61;Austroasiatic languages
62;Demographics of Angola
63;Arthur Schopenhauer
64;Angolan Armed Forces
65;Argument (disambiguation)
66;Android (robot)
67;Albert Einstein
68;Aardwolf
69;Actinopterygii
70;Atomic number
71;America the Beautiful
72;Abstract (law)
73;Alphabet
74;Appellate procedure in the United States
75;Articles of Confederation
76;Alkane
77;Andorra
78;Apollo 8
79;Analysis of variance
80;Astronaut
81;Asia
82;Allah
83;Appellate court
84;Atlantic Ocean
85;Aberdeen (disambiguation)
86;Animal (disambiguation)
87;Abortion
88;Economy of Angola
89;Ambiguity
90;Adobe
91;Aldous Huxley
92;Apollo 11
93;Azerbaijan
94;Aikido
95;Foreign relations of Angola
96;Afghanistan
97;Alkali metal
98;Adventure
99;A Modest Proposal
100;Answer (law)
101;American Football Conference
102;Argon
103;Advanced Chemistry
104;Alexander the Great
105;American Revolutionary War
106;Aquarius (constellation)
107;Apiales
108;Asterism
109;Amsterdam
110;American Civil War
111;Archipelago
112;A. A. Milne
113;Aluminium
114;Asteroids (video game)
115;Allocution
116;Motor neuron disease
117;Arne Kaijser
118;Analog Brothers
119;Anaconda
120;Alfons Maria Jakob
121;Astatine
122;Ampere
123;Arsenic
124;Anxiety
125;Attila
126;Audi
127;Aircraft
128;Anna Kournikova
129;Anglican Communion
130;Abjad
131;Altaic languages
132;Axiom of choice
133;Ankara
134;Mouthwash
135;ABBA
136;Actinium
137;A Clockwork Orange (novel)
138;Aberdeenshire
139;Anime
140;Alfred Hitchcock
141;Anatolia
142;Anthophyta
143;Abugida
144;Museum of Work
145;Allegiance
146;American Film Institute
147;Alismatales
148;Antimony
149;Alfred Nobel
150;Aries (constellation)
151;Alp Arslan
152;Asterales
153;Atom
154;Affidavit
155;Arable land
156;Americium
157;Atlas (disambiguation)
158;Aegean Sea
159;Apple Inc.
160;Altenberg
161;Agnosticism
162;Angst
163;Austrian German
164;Ancient Egypt
165;Asparagales
166;Alexander Graham Bell
167;Aztlan Underground
168;Akira Kurosawa
169;MessagePad
170;Andrey Markov
171;Annual plant
172;Algorithm
173;Author
174;A. E. van Vogt
175;Andy Warhol
176;Alfred Korzybski
177;Asteroid
178;Arabic
179;Ada Lovelace
180;Almond
181;Aaron
182;Demographics of Antigua and Barbuda
183;Alpha
184;Amateur
185;Asteraceae
186;Apiaceae
187;Telecommunications in Antigua and Barbuda
188;Alcohol
189;Antisemitism
190;All Souls' Day
191;Axiom
192;Albert Camus
193;Allen Ginsberg
194;Arecales
195;Antigua and Barbuda
196;Miss Marple
197;Agatha Christie
198;Aristophanes
199;Royal Antigua and Barbuda Defence Force
200;Algorithms for calculating variance
201;Austrian School
202;Aarhus
203;Axon
204;The Plague
205;Northern cavefish
206;The Amazing Spider-Man
207;April 6
208;Abatement
209;AM
210;April
211;August 9
212;August 22
213;Algebraically closed field
214;Anatoly Karpov
215;Aalborg Municipality
216;André Gide
217;Albert Speer
218;Azincourt
219;Acute disseminated encephalomyelitis
220;Albert Schweitzer
221;April 12
222;Anarcho-capitalism
223;August
224;Anatole France
225;Foreign relations of Azerbaijan
226;Absolute value
227;April 15
228;Alexis Carrel
229;Aramaic alphabet
230;Ataxia
231;Applied ethics
232;Hercule Poirot
233;Achill Island
234;Abdul Alhazred
235;Geography of Azerbaijan
236;Analog signal
237;Aspect ratio
238;Geography of Armenia
239;April 30
240;Alvin Toffler
241;August Derleth
242;Auto racing
243;Politics of Antigua and Barbuda
244;Economy of Azerbaijan
245;Azerbaijani Armed Forces
246;Alps
247;American shot
248;August 27
249;Asociación Alumni
250;August 6
251;Abscess